"","zones","regions","Date","Population résidente par zone","Taux d'urbanisation","Repartition des ménages par zones","Taille des ménages"
"1","Urban","SENEGAL",2000,3820403,NA,537424.271006759,8.05885591292677
"2","Urban","SENEGAL",2001,3914539,NA,543366.75,8
"3","Urban","SENEGAL",2002,4008965,NA,504202,7.9
"4","Urban","SENEGAL",2003,4282109,NA,521853.898653323,8.20557065980609
"5","Urban","SENEGAL",2004,4437686,NA,540123.782808622,8.21605293651888
"6","Urban","SENEGAL",2005,4598542,NA,559033.287876803,8.22588186675583
"7","Urban","SENEGAL",2006,4764849,NA,578604.806715354,8.23506639962602
"8","Urban","SENEGAL",2007,4936785,NA,598861.516146227,8.24361650385543
"9","Urban","SENEGAL",2008,5114531,NA,619827.404402102,8.25154083253855
"10","Urban","SENEGAL",2009,5298277,NA,641527.299533533,8.25884881041066
"11","Urban","SENEGAL",2010,5488217,NA,663986.898810621,8.26554976090442
"12","Urban","SENEGAL",2011,5684551,NA,687232.799154013,8.27165215530442
"13","Urban","SENEGAL",2012,5887486,NA,711292.528631298,8.27716549178491
"14","Urban","SENEGAL",2013,6102800,NA,853760,7.14814467766117
"15","Urban","SENEGAL",2014,6363728,NA,888433.905342132,7.1628603565612
"16","Urban","SENEGAL",2015,6598425,NA,920261.245369872,7.17016502998337
"17","Urban","SENEGAL",2016,6839842,NA,952907.952716228,7.17786222740957
"18","Urban","SENEGAL",2017,7089780,NA,986658.151879769,7.18564984892958
"19","Urban","SENEGAL",2018,7344567,NA,1021022.42875671,7.19334540862479
"20","Urban","Dakar",2000,1996110,NA,288234,7.8
"21","Urban","Dakar",2001,2050709,NA,291280,8
"22","Urban","Dakar",2002,2106801,NA,286987,7.3
"23","Urban","Dakar",2003,2188900,NA,299917,7.3
"24","Urban","Dakar",2004,2260970,NA,313430,7.2
"25","Urban","Dakar",2005,2335413,NA,327552,7.1
"26","Urban","Dakar",2006,2412307,NA,342310,7.1
"27","Urban","Dakar",2007,2491732,NA,357733,6.99185015788547
"28","Urban","Dakar",2008,2573772,NA,373851,6.91509906462375
"29","Urban","Dakar",2009,2658514,NA,390696,6.8391889397881
"30","Urban","Dakar",2010,2746046,NA,408299,6.76411207588413
"31","Urban","Dakar",2011,2836460,NA,426695,6.68985999897598
"32","Urban","Dakar",2012,2929851,NA,445920,6.61642338775684
"33","Urban","Dakar",2013,3026316,NA,482479,6.23630854091178
"34","Urban","Dakar",2014,3117055,NA,496945,6.27243050992893
"35","Urban","Dakar",2015,3210787,NA,511889,6.27243050992893
"36","Urban","Dakar",2016,3305913,NA,527055,6.27243050992893
"37","Urban","Dakar",2017,3402246,NA,542413,6.27243050992893
"38","Urban","Dakar",2018,3499631,NA,557939,6.27243050992893
"39","Urban","Diourbel",2000,162153,NA,24490,8.1
"40","Urban","Diourbel",2001,164783,NA,22752,9
"41","Urban","Diourbel",2002,167456,NA,17716,9.45224655678483
"42","Urban","Diourbel",2003,173923,NA,18415,9.33794171919411
"43","Urban","Diourbel",2004,179605,NA,19142,9.2279256420499
"44","Urban","Diourbel",2005,185473,NA,19897,9.11899769927127
"45","Urban","Diourbel",2006,191533,NA,20682,9.01115472655124
"46","Urban","Diourbel",2007,197790,NA,21498,8.90437698640921
"47","Urban","Diourbel",2008,204252,NA,22346,8.79865886291532
"48","Urban","Diourbel",2009,210925,NA,23228,8.69399261768236
"49","Urban","Diourbel",2010,217816,NA,24144,8.59036853716364
"50","Urban","Diourbel",2011,224932,NA,25097,8.48777508895826
"51","Urban","Diourbel",2012,232281,NA,26087,8.9543946809392
"52","Urban","Diourbel",2013,239869,NA,25628,8.8460605905964
"53","Urban","Diourbel",2014,248527,NA,26553,9.35968471983768
"54","Urban","Diourbel",2015,256246,NA,27378,9.35968471983768
"55","Urban","Diourbel",2016,265898,NA,28409,9.35964951968755
"56","Urban","Diourbel",2017,274260,NA,29302,9.35968471983768
"57","Urban","Diourbel",2018,282931,NA,30229,9.35965163879799
"58","Urban","Fatick",2000,73521,NA,13904.3141460007,8
"59","Urban","Fatick",2001,75397,NA,9087.44444444445,9
"60","Urban","Fatick",2002,77321,NA,9226,8.3
"61","Urban","Fatick",2003,80285,NA,9365.74033833794,8.6971891008207
"62","Urban","Fatick",2004,82890,NA,9507.59723446461,8.84058160017493
"63","Urban","Fatick",2005,85580,NA,9651.60274653105,8.98375244262715
"64","Urban","Fatick",2006,88357,NA,9797.78941825267,9.12670402349868
"65","Urban","Fatick",2007,91224,NA,9946.19028626379,9.26943837926788
"66","Urban","Fatick",2008,94184,NA,10096.8388875835,9.41195717440788
"67","Urban","Fatick",2009,97240,NA,10249.7692671949,9.55426168987447
"68","Urban","Fatick",2010,100395,NA,10405.0159857386,9.69635281316174
"69","Urban","Fatick",2011,103653,NA,10562.6141273231,9.83823102984623
"70","Urban","Fatick",2012,107016,NA,10722.5993074537,10.5744301124058
"71","Urban","Fatick",2013,110489,NA,13205,10.1505670218348
"72","Urban","Fatick",2014,120210,NA,14366.7971472273,8.36720939038243
"73","Urban","Fatick",2015,125682,NA,15020.7786295468,8.36720939038243
"74","Urban","Fatick",2016,131436,NA,15708.4631049245,8.36720939038243
"75","Urban","Fatick",2017,137489,NA,16431.8823140765,8.36720939038243
"76","Urban","Fatick",2018,143861,NA,17193.4265401986,8.36720939038243
"77","Urban","Kaffrine",2008,63432,NA,8943.87119218442,8.5
"78","Urban","Kaffrine",2009,67394,NA,9034.71730354677,8.66913411147429
"79","Urban","Kaffrine",2010,71604,NA,9126.48617148424,8.84117277448488
"80","Urban","Kaffrine",2011,76076,NA,9219.18716876672,9.01616180064359
"81","Urban","Kaffrine",2012,80828,NA,9312.8297633667,9.40472619230368
"82","Urban","Kaffrine",2013,85877,NA,9081,9.45677788789781
"83","Urban","Kaffrine",2014,95247,NA,10071.823736274,9.45677788789781
"84","Urban","Kaffrine",2015,101200,NA,10701.3193288075,9.45677788789781
"85","Urban","Kaffrine",2016,107444,NA,11361.5865016244,9.45677788789781
"86","Urban","Kaffrine",2017,113991,NA,12053.8941858705,9.45677788789781
"87","Urban","Kaffrine",2018,120854,NA,12779.6170569536,9.45677788789781
"88","Urban","Kaolack",2000,239659,NA,41028,7.9
"89","Urban","Kaolack",2001,244657,NA,36090,8
"90","Urban","Kaolack",2002,249759,NA,28506,8.7
"91","Urban","Kaolack",2003,257745,NA,28422,8.84883496811127
"92","Urban","Kaolack",2004,264887,NA,28339,8.86838182401425
"93","Urban","Kaolack",2005,272227,NA,28255,8.88724932444854
"94","Urban","Kaolack",2006,279770,NA,28172,8.90544583454666
"95","Urban","Kaolack",2007,287522,NA,28089,8.92297963688525
"96","Urban","Kaolack",2008,295489,NA,28007,8.93985893222241
"97","Urban","Kaolack",2009,303677,NA,27924,8.95609184022885
"98","Urban","Kaolack",2010,312091,NA,27842,8.97168640021279
"99","Urban","Kaolack",2011,320739,NA,27760,8.98665057183888
"100","Urban","Kaolack",2012,329626,NA,27679,12.4453259130147
"101","Urban","Kaolack",2013,338760,NA,40148,8.43778021321112
"102","Urban","Kaolack",2014,355678,NA,42153,8.43778021321112
"103","Urban","Kaolack",2015,370861,NA,43952,8.43778021321112
"104","Urban","Kaolack",2016,386648,NA,45823,8.43778021321112
"105","Urban","Kaolack",2017,403078,NA,47771,8.43778021321112
"106","Urban","Kaolack",2018,420151,NA,49794,8.4
"107","Urban","Kédougou",2008,20795,NA,3548.48672277052,7.8
"108","Urban","Kédougou",2009,23401,NA,3727.60656082693,7.8
"109","Urban","Kédougou",2010,26334,NA,3592.61118546795,8.5
"110","Urban","Kédougou",2011,29634,NA,3772.52159122807,8.5
"111","Urban","Kédougou",2012,33348,NA,3898.91291888451,9.63089296458131
"112","Urban","Kédougou",2013,37528,NA,5388,6.96510764662212
"113","Urban","Kédougou",2014,40651,NA,5836.37785120443,6.96510764662212
"114","Urban","Kédougou",2015,42322,NA,6076.28799829461,6.96510764662212
"115","Urban","Kédougou",2016,44230,NA,6350.22489874227,6.96510764662212
"116","Urban","Kédougou",2017,46225,NA,6636.65263270092,6.96510764662212
"117","Urban","Kédougou",2018,48133,NA,6910.58953314858,6.96510764662212
"118","Urban","Kolda",2000,101413,NA,14642.0656199837,7.9
"119","Urban","Kolda",2001,105603,NA,12936.625,8
"120","Urban","Kolda",2002,109966,NA,12320,8.9
"121","Urban","Kolda",2003,115256,NA,12128.4265823707,9.57078108126655
"122","Urban","Kolda",2004,119798,NA,11939.8320912301,9.85892524803968
"123","Urban","Kolda",2005,124519,NA,15287.9229130515,7.8
"124","Urban","Kolda",2006,129426,NA,15471.4754429419,7.8
"125","Urban","Kolda",2007,134526,NA,15642.6006370157,7.8
"126","Urban","Kolda",2008,139827,NA,15801.7032131848,7.8
"127","Urban","Kolda",2009,145337,NA,15949.1770201251,7.8
"128","Urban","Kolda",2010,151064,NA,14760.7248669753,8.5
"129","Urban","Kolda",2011,157017,NA,14875.7571231367,8.5
"130","Urban","Kolda",2012,163205,NA,14644.4422179497,11.9882765749463
"131","Urban","Kolda",2013,169637,NA,22630,7.49611135660628
"132","Urban","Kolda",2014,180912,NA,24134.113194645,7.49611135660627
"133","Urban","Kolda",2015,190019,NA,25349.0097679162,7.49611135660627
"134","Urban","Kolda",2016,198839,NA,26525.6198235055,7.49611135660627
"135","Urban","Kolda",2017,208818,NA,27856.8433773292,7.49611135660628
"136","Urban","Kolda",2018,219268,NA,29250.8995089515,7.49611135660627
"137","Urban","Louga",2000,115454,NA,14965.6900963226,8.1
"138","Urban","Louga",2001,119865,NA,11331.8,10
"139","Urban","Louga",2002,124445,NA,13157,9.45846317549593
"140","Urban","Louga",2003,130236,NA,13583.816669755,9.66188762825925
"141","Urban","Louga",2004,135226,NA,14024.4793887296,9.69819758980243
"142","Urban","Louga",2005,140407,NA,14479.437326538,9.73308181259947
"143","Urban","Louga",2006,145787,NA,14949.1542239797,9.76656716839013
"144","Urban","Louga",2007,151373,NA,15434.1088657319,9.79866445759116
"145","Urban","Louga",2008,157173,NA,15934.7955683775,9.8294077100486
"146","Urban","Louga",2009,163195,NA,16451.7246842643,9.85881478321467
"147","Urban","Louga",2010,169448,NA,16985.4231217093,9.88691305458335
"148","Urban","Louga",2011,175941,NA,17536.4348820794,9.91372653161076
"149","Urban","Louga",2012,182682,NA,18105.3216142938,10.3815432834735
"150","Urban","Louga",2013,189682,NA,22031,10.147403721943
"151","Urban","Louga",2014,200417,NA,23277.8383135986,8.60977713222278
"152","Urban","Louga",2015,208836,NA,24255.6801172489,8.60977713222278
"153","Urban","Louga",2016,217573,NA,25270.4566748558,8.60977713222278
"154","Urban","Louga",2017,225660,NA,26209.7376661992,8.60977713222278
"155","Urban","Louga",2018,235030,NA,27298.0352906443,8.60977713222278
"156","Urban","Matam",2002,58284,NA,5998,9.71723907969323
"157","Urban","Matam",2003,63521,NA,8351.50096107056,7.8
"158","Urban","Matam",2004,67681,NA,8918.09079824069,7.8
"159","Urban","Matam",2005,72113,NA,9508.30489238256,7.8
"160","Urban","Matam",2006,76836,NA,10122.9752320794,7.8
"161","Urban","Matam",2007,81868,NA,10762.955816021,7.8
"162","Urban","Matam",2008,87229,NA,11429.1457196332,7.8
"163","Urban","Matam",2009,92941,NA,12122.4930254539,7.8
"164","Urban","Matam",2010,99027,NA,11786.1898505796,8.5
"165","Urban","Matam",2011,105512,NA,12474.8989085444,8.5
"166","Urban","Matam",2012,112422,NA,14259.388,8.5
"167","Urban","Matam",2013,119784,NA,11179,10.7150907952411
"168","Urban","Matam",2014,133856,NA,12492.2879850397,10.7150907952411
"169","Urban","Matam",2015,143306,NA,13374.221715755,10.7150907952411
"170","Urban","Matam",2016,153892,NA,14362.1741467976,10.7150907952411
"171","Urban","Matam",2017,165055,NA,15403.9758648901,10.7150907952411
"172","Urban","Matam",2018,176142,NA,16438.6847826087,10.7150907952411
"173","Urban","Saint-Louis",2000,242737,NA,28096,9.3
"174","Urban","Saint-Louis",2001,248890,NA,29932,9
"175","Urban","Saint-Louis",2002,255199,NA,30222,8.44414664813712
"176","Urban","Saint-Louis",2003,269027,NA,31183,8.51821284902834
"177","Urban","Saint-Louis",2004,280744,NA,32174,8.51499984385192
"178","Urban","Saint-Louis",2005,292971,NA,33196,8.51139479885212
"179","Urban","Saint-Louis",2006,305730,NA,34252,8.50741018626875
"180","Urban","Saint-Louis",2007,319045,NA,35340,8.5030550212419
"181","Urban","Saint-Louis",2008,332940,NA,36464,8.49832461909624
"182","Urban","Saint-Louis",2009,347440,NA,37623,8.49323305047345
"183","Urban","Saint-Louis",2010,362572,NA,38819,8.48778071836235
"184","Urban","Saint-Louis",2011,378363,NA,40053,8.48197549478753
"185","Urban","Saint-Louis",2012,394841,NA,41326,9.81171808552189
"186","Urban","Saint-Louis",2013,412037,NA,51162,8.18229147253306
"187","Urban","Saint-Louis",2014,431921,NA,53631,8.05355627298395
"188","Urban","Saint-Louis",2015,449114,NA,55766,8.05353905476573
"189","Urban","Saint-Louis",2016,466940,NA,57979,8.05355767136365
"190","Urban","Saint-Louis",2017,485410,NA,60273,8.0535583276358
"191","Urban","Saint-Louis",2018,504535,NA,62647,8.05355895654561
"192","Urban","Sédhiou",2008,63947,NA,9772.08813245285,7.8
"193","Urban","Sédhiou",2009,68010,NA,10065.1208002662,7.8
"194","Urban","Sédhiou",2010,72331,NA,10166.2147080358,7.9538994605053
"195","Urban","Sédhiou",2011,76927,NA,10268.3240013522,8.1107082051319
"196","Urban","Sédhiou",2012,81815,NA,10371.4588787312,8.51450128979379
"197","Urban","Sédhiou",2013,87014,NA,8598,10.1202605257037
"198","Urban","Sédhiou",2014,95960,NA,9481.9693382674,10.1202605257037
"199","Urban","Sédhiou",2015,101591,NA,10038.3779391822,10.1202605257037
"200","Urban","Sédhiou",2016,107013,NA,10574.1348978325,10.1202605257037
"201","Urban","Sédhiou",2017,113226,NA,11188.0518996943,10.1202605257037
"202","Urban","Sédhiou",2018,119762,NA,11833.8850759648,10.1202605257037
"203","Urban","Tambacounda",2000,96034,NA,13258,6.9
"204","Urban","Tambacounda",2001,99684,NA,13503,7
"205","Urban","Tambacounda",2002,103473,NA,12825,8
"206","Urban","Tambacounda",2003,108605,NA,13012,8.6262430461821
"207","Urban","Tambacounda",2004,112997,NA,13203,8.87764654056617
"208","Urban","Tambacounda",2005,117566,NA,13396,9.12639404756445
"209","Urban","Tambacounda",2006,122320,NA,13592,9.37250548729478
"210","Urban","Tambacounda",2007,127266,NA,13790,9.61600064877991
"211","Urban","Tambacounda",2008,132412,NA,13992,9.85689919075223
"212","Urban","Tambacounda",2009,137766,NA,14196,10.0952206424538
"213","Urban","Tambacounda",2010,143337,NA,17507,8.5
"214","Urban","Tambacounda",2011,149133,NA,18164,8.5
"215","Urban","Tambacounda",2012,155164,NA,18429,8.75100763679595
"216","Urban","Tambacounda",2013,161439,NA,21307,7.57680574459098
"217","Urban","Tambacounda",2014,170706,NA,22530,7.57680574459098
"218","Urban","Tambacounda",2015,178236,NA,23524,7.57684825479237
"219","Urban","Tambacounda",2016,186878,NA,24664,7.57684628893696
"220","Urban","Tambacounda",2017,195945,NA,25861,7.57684441281121
"221","Urban","Tambacounda",2018,205456,NA,27116,7.57684262276744
"222","Urban","Thiès",2000,520899,NA,59838,9.2
"223","Urban","Thiès",2001,542109,NA,58824,9
"224","Urban","Thiès",2002,564183,NA,62108,9
"225","Urban","Thiès",2003,591471,NA,64361,9.1335902422351
"226","Urban","Thiès",2004,614890,NA,66697,9.0961232397762
"227","Urban","Thiès",2005,639236,NA,69117,9.05862889155029
"228","Urban","Thiès",2006,664546,NA,71624,9.02111525450299
"229","Urban","Thiès",2007,690858,NA,74223,8.98357925670761
"230","Urban","Thiès",2008,718212,NA,76916,8.94603113948734
"231","Urban","Thiès",2009,746649,NA,79707,8.90847013793618
"232","Urban","Thiès",2010,776212,NA,82599,8.87089673820528
"233","Urban","Thiès",2011,806946,NA,85596,8.83331760537429
"234","Urban","Thiès",2012,838897,NA,88702,9.61788651387787
"235","Urban","Thiès",2013,872112,NA,106308,9.48774396069962
"236","Urban","Thiès",2014,909991,NA,110925,8.20363472175189
"237","Urban","Thiès",2015,946550,NA,115382,8.20363472175189
"238","Urban","Thiès",2016,982424,NA,119755,8.20363472175189
"239","Urban","Thiès",2017,1021459,NA,124513,8.20363472175189
"240","Urban","Thiès",2018,1059728,NA,129178,8.20363472175189
"241","Urban","Ziguinchor",2000,185474,NA,31727,8.1
"242","Urban","Ziguinchor",2001,188747,NA,32397,8
"243","Urban","Ziguinchor",2002,192078,NA,25137,7.6
"244","Urban","Ziguinchor",2003,197493,NA,25139,7.9
"245","Urban","Ziguinchor",2004,202386,NA,25142,8.1
"246","Urban","Ziguinchor",2005,207400,NA,25144,8.4
"247","Urban","Ziguinchor",2006,212539,NA,25147,8.6
"248","Urban","Ziguinchor",2007,217805,NA,25149,8.9
"249","Urban","Ziguinchor",2008,223201,NA,25152,9.2
"250","Urban","Ziguinchor",2009,228731,NA,25154,9.4
"251","Urban","Ziguinchor",2010,234398,NA,25157,9.7
"252","Urban","Ziguinchor",2011,240206,NA,25159,10
"253","Urban","Ziguinchor",2012,246157,NA,25162,10.3
"254","Urban","Ziguinchor",2013,252256,NA,34616,7.2
"255","Urban","Ziguinchor",2014,262596,NA,36035,7.3
"256","Urban","Ziguinchor",2015,273674,NA,37555,7.3
"257","Urban","Ziguinchor",2016,284713,NA,39070,7.3
"258","Urban","Ziguinchor",2017,296918,NA,40745,7.3
"259","Urban","Ziguinchor",2018,309084,NA,42414,7.3
"260","Rual","SENEGAL",2000,5563042,NA,585915.560458047,8.86752902036785
"261","Rual","SENEGAL",2001,5703492,NA,545584.1,10
"262","Rual","SENEGAL",2002,5849517,NA,571656,10.2
"263","Rual","SENEGAL",2003,6067159,NA,591669.434648343,10.2543052001847
"264","Rual","SENEGAL",2004,6191012,NA,612383.5311745,10.1096977515017
"265","Rual","SENEGAL",2005,6317131,NA,633822.819454309,9.96671470392949
"266","Rual","SENEGAL",2006,6445547,NA,656012.688144182,9.82533892109667
"267","Rual","SENEGAL",2007,6576292,NA,678979.414746644,9.68555478876626
"268","Rual","SENEGAL",2008,6709399,NA,702750.19672847,9.54734540763432
"269","Rual","SENEGAL",2009,6844899,NA,727353.183728231,9.4106950770687
"270","Rual","SENEGAL",2010,6982825,NA,752817.510891437,9.27558823521999
"271","Rual","SENEGAL",2011,7123209,NA,779173.333372709,9.14200862707721
"272","Rual","SENEGAL",2012,7266084,NA,806451.862045874,9.00994141053303
"273","Rual","SENEGAL",2013,7405915,NA,754009,9.82205119567538
"274","Rual","SENEGAL",2014,7562528,NA,770041.083930278,9.82094093136041
"275","Rual","SENEGAL",2015,7758140,NA,789828.8522896,9.82255836503095
"276","Rual","SENEGAL",2016,7960039,NA,810258.595527649,9.82407227018226
"277","Rual","SENEGAL",2017,8166580,NA,831166.335116193,9.8254460689368
"278","Rual","SENEGAL",2018,8381489,NA,852926.904630413,9.82673773625635
"279","Rual","Dakar",2000,60297,NA,9483,8.3
"280","Rual","Dakar",2001,60910,NA,8129,10
"281","Rual","Dakar",2002,61513,NA,6695,9.1
"282","Rual","Dakar",2003,65864,NA,6997,9
"283","Rual","Dakar",2004,69509,NA,7312,8.9
"284","Rual","Dakar",2005,73323,NA,7641,8.8
"285","Rual","Dakar",2006,77314,NA,7986,8.7
"286","Rual","Dakar",2007,81490,NA,8345,8.6
"287","Rual","Dakar",2008,85859,NA,8721,8.5
"288","Rual","Dakar",2009,90427,NA,9114,8.4
"289","Rual","Dakar",2010,95204,NA,9525,8.3
"290","Rual","Dakar",2011,100199,NA,9954,8.3
"291","Rual","Dakar",2012,105421,NA,10403,8.2
"292","Rual","Dakar",2013,110880,NA,13666,10.2
"293","Rual","Dakar",2014,116405,NA,14422,8.1
"294","Rual","Dakar",2015,119905,NA,14855,8.1
"295","Rual","Dakar",2016,123457,NA,15295,8.1
"296","Rual","Dakar",2017,127054,NA,15741,8.1
"297","Rual","Dakar",2018,130693,NA,16192,8.07150791956401
"298","Rual","Diourbel",2000,814461,NA,78217,9
"299","Rual","Diourbel",2001,848795,NA,80582,9
"300","Rual","Diourbel",2002,884485,NA,84848,10.4243470676975
"301","Rual","Diourbel",2003,917831,NA,88196,10.4290423925069
"302","Rual","Diourbel",2004,947197,NA,91675,10.3644586208869
"303","Rual","Diourbel",2005,977502,NA,95292,10.3002655865274
"304","Rual","Diourbel",2006,1008777,NA,99052,10.2364686128239
"305","Rual","Diourbel",2007,1041053,NA,102960,10.1730541788423
"306","Rual","Diourbel",2008,1074361,NA,107022,10.1100246471221
"307","Rual","Diourbel",2009,1108735,NA,111245,10.0473799505769
"308","Rual","Diourbel",2010,1144209,NA,115634,9.98511769325286
"309","Rual","Diourbel",2011,1180818,NA,120196,9.92323326550684
"310","Rual","Diourbel",2012,1218597,NA,124939,9.74308248733493
"311","Rual","Diourbel",2013,1257591,NA,130910,9.71701843431063
"312","Rual","Diourbel",2014,1295119,NA,134817,9.60647795418127
"313","Rual","Diourbel",2015,1335344,NA,139005,9.60647098362001
"314","Rual","Diourbel",2016,1375448,NA,143179,9.60646441889741
"315","Rual","Diourbel",2017,1418702,NA,147682,9.60645828642532
"316","Rual","Diourbel",2018,1463558,NA,152352,9.60645255279829
"317","Rual","Fatick",2000,520945,NA,58833.4644127267,8.8
"318","Rual","Fatick",2001,526682,NA,61920.8888888889,9
"319","Rual","Fatick",2002,532468,NA,53661,9.9
"320","Rual","Fatick",2003,538979,NA,54473.7689459736,9.87281393622099
"321","Rual","Fatick",2004,545287,NA,55298.8483848478,9.83972228572144
"322","Rual","Fatick",2005,551638,NA,56136.4247758078,9.80666995536612
"323","Rual","Fatick",2006,558032,NA,56986.6874022173,9.77365945073988
"324","Rual","Fatick",2007,564468,NA,57849.8284143942,9.74069271211175
"325","Rual","Fatick",2008,570945,NA,58726.042873035,9.70777115062418
"326","Rual","Fatick",2009,577462,NA,59615.5287932958,9.67489568297261
"327","Rual","Fatick",2010,584018,NA,60518.4871895423,9.64206676462535
"328","Rual","Fatick",2011,590611,NA,61435.1221207766,9.60928442163265
"329","Rual","Fatick",2012,597240,NA,62365.6407367521,9.4743133561971
"330","Rual","Fatick",2013,603903,NA,59199,9.81686485693605
"331","Rual","Fatick",2014,617277,NA,60510.0175408965,10.2012365073734
"332","Rual","Fatick",2015,636028,NA,62348.1280470539,10.2012365073734
"333","Rual","Fatick",2016,655602,NA,64266.9150476153,10.2012365073734
"334","Rual","Fatick",2017,676054,NA,66271.7700458517,10.2012365073734
"335","Rual","Fatick",2018,697433,NA,68367.4963810413,10.2012365073734
"336","Rual","Kaffrine",2008,463297,NA,45514.1933239446,9.4572058391285
"337","Rual","Kaffrine",2009,467152,NA,45976.4973292715,9.56364337385819
"338","Rual","Kaffrine",2010,470875,NA,46443.4971223896,9.67126049423666
"339","Rual","Kaffrine",2011,474454,NA,46915.2404001019,9.78006960857405
"340","Rual","Kaffrine",2012,477872,NA,47391.7753436846,9.84872127315649
"341","Rual","Kaffrine",2013,481115,NA,44930,10.7081014912085
"342","Rual","Kaffrine",2014,492699,NA,46011.7977406649,10.7081014912085
"343","Rual","Kaffrine",2015,508438,NA,47481.6194464941,10.7081014912085
"344","Rual","Kaffrine",2016,524580,NA,48989.0762083909,10.7081014912085
"345","Rual","Kaffrine",2017,541129,NA,50534.541575299,10.7081014912085
"346","Rual","Kaffrine",2018,558101,NA,52119.5097429928,10.7081014912085
"347","Rual","Kaolack",2000,789417,NA,80918,9.6
"348","Rual","Kaolack",2001,804781,NA,76310,11
"349","Rual","Kaolack",2002,820444,NA,75245,10.9
"350","Rual","Kaolack",2003,833845,NA,75024,10.7734944257951
"351","Rual","Kaolack",2004,848517,NA,74803,10.669649097947
"352","Rual","Kaolack",2005,863428,NA,74583,10.5667195578942
"353","Rual","Kaolack",2006,878580,NA,74364,10.4646981413905
"354","Rual","Kaolack",2007,893976,NA,74145,10.363577246155
"355","Rual","Kaolack",2008,459799,NA,73927,10.2633493313834
"356","Rual","Kaolack",2009,488867,NA,73709,10.1640069172626
"357","Rual","Kaolack",2010,519547,NA,73493,10.0655425844895
"358","Rual","Kaolack",2011,551921,NA,73276,9.96794897379364
"359","Rual","Kaolack",2012,586080,NA,73061,8.56635898346251
"360","Rual","Kaolack",2013,622115,NA,55143,11.2818490107539
"361","Rual","Kaolack",2014,635069,NA,56291,11.2818490107539
"362","Rual","Kaolack",2015,650795,NA,57685,11.2818490107539
"363","Rual","Kaolack",2016,666889,NA,59112,11.2818490107539
"364","Rual","Kaolack",2017,683386,NA,60574,11.2818490107539
"365","Rual","Kaolack",2018,700252,NA,62069,11.3
"366","Rual","Kédougou",2008,102078,NA,30564.5132772295,3.24548939034771
"367","Rual","Kédougou",2009,104704,NA,31588.5205145279,3.24031221337115
"368","Rual","Kédougou",2010,107226,NA,32646.8352120017,3.23510086774646
"369","Rual","Kédougou",2011,109613,NA,33740.6067773708,3.22983422300663
"370","Rual","Kédougou",2012,111828,NA,34871.0231271252,3.11315749481279
"371","Rual","Kédougou",2013,113829,NA,13660,8.33301610541728
"372","Rual","Kédougou",2014,115701,NA,13884.648551775,8.33301610541728
"373","Rual","Kédougou",2015,119211,NA,14305.8645863532,8.33301610541728
"374","Rual","Kédougou",2016,122677,NA,14721.8004199281,8.33301610541728
"375","Rual","Kédougou",2017,126257,NA,15151.4167742842,8.33301610541728
"376","Rual","Kédougou",2018,130137,NA,15617.0344991171,8.33301610541728
"377","Rual","Kolda",2000,679578,NA,80175.6096002505,8.5
"378","Rual","Kolda",2001,693404,NA,79204.2222222222,9
"379","Rual","Kolda",2002,707472,NA,64546,10.9
"380","Rual","Kolda",2003,721257.748425556,NA,63542.3232293585,10.7941544768618
"381","Rual","Kolda",2004,736236.648872422,NA,62554.2534221217,10.6958248677531
"382","Rual","Kolda",2005,751492.089416475,NA,61581.5478932801,10.5980432079668
"383","Rual","Kolda",2006,767027.700549926,NA,60623.9677315252,10.5008068940332
"384","Rual","Kolda",2007,782847.36083835,NA,59681.277740569,10.4041133339009
"385","Rual","Kolda",2008,431160,NA,58753.2463813769,10.3079599468886
"386","Rual","Kolda",2009,442873,NA,57839.6457152974,10.2123441636376
"387","Rual","Kolda",2010,454888,NA,56940.2513480774,10.1172634260649
"388","Rual","Kolda",2011,467213,NA,56054.8423747475,10.0227151873154
"389","Rual","Kolda",2012,479854,NA,55183.201325364,9.05484600802098
"390","Rual","Kolda",2013,492818,NA,48302,10.2028487433233
"391","Rual","Kolda",2014,501775,NA,49179.892069689,10.2028487433233
"392","Rual","Kolda",2015,513755,NA,50354.0739380461,10.2028487433233
"393","Rual","Kolda",2016,526850,NA,51637.5390103446,10.2028487433233
"394","Rual","Kolda",2017,539633,NA,52890.4243879079,10.2028487433233
"395","Rual","Kolda",2018,552805,NA,54181.4363720481,10.2028487433233
"396","Rual","Louga",2000,531563,NA,49865.5069218146,8.7
"397","Rual","Louga",2001,542103,NA,44595,10
"398","Rual","Louga",2002,552819,NA,51997,10.6317479854607
"399","Rual","Louga",2003,564766,NA,53683.7968668582,10.5014496491769
"400","Rual","Louga",2004,575903,NA,55425.3138843028,10.3764469244958
"401","Rual","Louga",2005,587223,NA,57223.3261889487,10.2528372776364
"402","Rual","Louga",2006,598727,NA,59079.6665033269,10.1306103535161
"403","Rual","Louga",2007,610416,NA,60996.2270039873,10.0097395529538
"404","Rual","Louga",2008,622292,NA,62974.9612502034,9.89022279994067
"405","Rual","Louga",2009,634356,NA,65017.8861752444,9.77204167728403
"406","Rual","Louga",2010,646609,NA,67127.0841422453,9.65518771867023
"407","Rual","Louga",2011,659052,NA,69304.7050667691,9.53964928647646
"408","Rual","Louga",2012,671686,NA,71552.9686082264,9.31348947447281
"409","Rual","Louga",2013,684511,NA,75350,8.69901471712977
"410","Rual","Louga",2014,698314,NA,76869.4146624379,9.0844193762442
"411","Rual","Louga",2015,715215,NA,78729.8527708101,9.0844193762442
"412","Rual","Louga",2016,732528,NA,80635.6432548199,9.08441937624419
"413","Rual","Louga",2017,751225,NA,82693.7824958255,9.0844193762442
"414","Rual","Louga",2018,769371,NA,84691.268438345,9.08441937624419
"415","Rual","Matam",2002,365683,NA,36913,9.9
"416","Rual","Matam",2003,372902,NA,37926.0296359829,9.78961668456301
"417","Rual","Matam",2004,379962,NA,38966.8605626596,9.70265210782784
"418","Rual","Matam",2005,387039,NA,40036.255750566,9.61596469554908
"419","Rual","Matam",2006,394121,NA,41134.9991089794,9.52954422464572
"420","Rual","Matam",2007,401197,NA,42263.8960605554,9.44337796172859
"421","Rual","Matam",2008,408255,NA,43423.7741317348,9.35746999222494
"422","Rual","Matam",2009,415282,NA,44615.4835593531,9.27183841571834
"423","Rual","Matam",2010,422262,NA,45839.8979138984,9.18645994938823
"424","Rual","Matam",2011,429179,NA,47097.9147398733,9.10134475474923
"425","Rual","Matam",2012,436016,NA,48390.4562137304,8.82887319997566
"426","Rual","Matam",2013,442754,NA,42767,10.3527018495569
"427","Rual","Matam",2014,450668,NA,43531.3398064392,10.3527252320715
"428","Rual","Matam",2015,463922,NA,44811.5824191709,10.3527252320715
"429","Rual","Matam",2016,476811,NA,46056.5686146966,10.3527252320715
"430","Rual","Matam",2017,489926,NA,47323.3848110129,10.3527252320715
"431","Rual","Matam",2018,503944,NA,48677.4244175673,10.3527252320715
"432","Rual","Saint-Louis",2000,446906,NA,60828,8.7
"433","Rual","Saint-Louis",2001,443253,NA,58918,10
"434","Rual","Saint-Louis",2002,439453,NA,49952,8.79750560538117
"435","Rual","Saint-Louis",2003,444909,NA,51540,8.69844033052376
"436","Rual","Saint-Louis",2004,450643,NA,53178,8.60180624041786
"437","Rual","Saint-Louis",2005,456293,NA,54868,8.50610063984746
"438","Rual","Saint-Louis",2006,461848,NA,56612,8.41132206443581
"439","Rual","Saint-Louis",2007,467295,NA,58412,8.31746550740971
"440","Rual","Saint-Louis",2008,472620,NA,60269,8.22451269182914
"441","Rual","Saint-Louis",2009,477810,NA,62184,8.13246385014334
"442","Rual","Saint-Louis",2010,482849,NA,64161,8.04130603942321
"443","Rual","Saint-Louis",2011,487722,NA,66200,7.95103364526636
"444","Rual","Saint-Louis",2012,492414,NA,68304,7.05340807619467
"445","Rual","Saint-Louis",2013,496907,NA,59029,8.30476624440807
"446","Rual","Saint-Louis",2014,500954,NA,59510,4.42769312555481
"447","Rual","Saint-Louis",2015,508486,NA,60405,4.37705561899239
"448","Rual","Saint-Louis",2016,516091,NA,61308,4.32644179365447
"449","Rual","Saint-Louis",2017,523758,NA,62219,4.27586128674397
"450","Rual","Saint-Louis",2018,531471,NA,63135,4.22530386411232
"451","Rual","Sédhiou",2008,343301,NA,33929.0223754598,9.5
"452","Rual","Sédhiou",2009,348002,NA,34269.8049181437,9.64050010051296
"453","Rual","Sédhiou",2010,352633,NA,34614.0102750812,9.78308920657356
"454","Rual","Sédhiou",2011,357182,NA,34961.6728249624,9.92777496680475
"455","Rual","Sédhiou",2012,361636,NA,35312.8272917764,10.0029147222165
"456","Rual","Sédhiou",2013,365980,NA,32271,11.3408323262372
"457","Rual","Sédhiou",2014,372138,NA,32813.993655391,11.3408323262372
"458","Rual","Sédhiou",2015,382177,NA,33699.2020520247,11.3408323262372
"459","Rual","Sédhiou",2016,393051,NA,34658.0382015411,11.3408323262372
"460","Rual","Sédhiou",2017,403790,NA,35604.9704628668,11.3408323262372
"461","Rual","Sédhiou",2018,414892,NA,36583.9109568829,11.3408323262372
"462","Rual","Tambacounda",2000,478263,NA,51393,8.3
"463","Rual","Tambacounda",2001,493579,NA,43581,10
"464","Rual","Tambacounda",2002,509382,NA,47602,10.7
"465","Rual","Tambacounda",2003,524827,NA,48298,10.4877101508437
"466","Rual","Tambacounda",2004,541703,NA,49004,10.3575235756994
"467","Rual","Tambacounda",2005,559116,NA,49720,10.2283570175158
"468","Rual","Tambacounda",2006,577081,NA,50447,10.1002036253619
"469","Rual","Tambacounda",2007,595618,NA,51185,9.97305659086041
"470","Rual","Tambacounda",2008,481328,NA,51933,9.84690914793594
"471","Rual","Tambacounda",2009,488929,NA,52692,9.72175457256432
"472","Rual","Tambacounda",2010,496587,NA,53462,9.59758618252341
"473","Rual","Tambacounda",2011,504299,NA,54244,9.47439733714534
"474","Rual","Tambacounda",2012,512061,NA,55037,9.33028870305819
"475","Rual","Tambacounda",2013,519871,NA,48985,10.6128610799224
"476","Rual","Tambacounda",2014,534690,NA,50381,10.6128610799224
"477","Rual","Tambacounda",2015,552238,NA,52035,10.6128610799224
"478","Rual","Tambacounda",2016,569712,NA,53681,10.6128983369868
"479","Rual","Tambacounda",2017,587835,NA,55389,10.6128971883446
"480","Rual","Tambacounda",2018,606623,NA,57159,10.6129135651409
"481","Rual","Thiès",2000,739666,NA,81766,9.3
"482","Rual","Thiès",2001,749091,NA,81682,10
"483","Rual","Thiès",2002,758396,NA,70646,10.7
"484","Rual","Thiès",2003,772962,NA,73209,10.6077131682158
"485","Rual","Thiès",2004,787003,NA,75866,10.4818736618722
"486","Rual","Thiès",2005,801145,NA,78618,10.3574051612592
"487","Rual","Thiès",2006,815380,NA,81471,10.2342990414457
"488","Rual","Thiès",2007,829698,NA,84427,10.1125341770705
"489","Rual","Thiès",2008,844090,NA,87490,9.99210472810488
"490","Rual","Thiès",2009,858545,NA,90664,9.87299260173429
"491","Rual","Thiès",2010,873051,NA,93954,9.75518140520749
"492","Rual","Thiès",2011,887596,NA,97363,9.63866176276349
"493","Rual","Thiès",2012,902167,NA,100895,8.80062896979313
"494","Rual","Thiès",2013,916752,NA,88458,8.91365511084876
"495","Rual","Thiès",2014,928375,NA,89580,10.3636980261819
"496","Rual","Thiès",2015,942771,NA,90969,10.3636980261819
"497","Rual","Thiès",2016,959125,NA,92547,10.3636980261819
"498","Rual","Thiès",2017,973578,NA,93941,10.3636980261819
"499","Rual","Thiès",2018,990036,NA,95529,10.3636980261819
"500","Rual","Ziguinchor",2000,222397,NA,38253,7.5
"501","Rual","Ziguinchor",2001,219928,NA,42633,7
"502","Rual","Ziguinchor",2002,217402,NA,29551,7.4
"503","Rual","Ziguinchor",2003,224532,NA,29554,7.6
"504","Rual","Ziguinchor",2004,230899,NA,29557,7.7
"505","Rual","Ziguinchor",2005,237445,NA,29560,7.9
"506","Rual","Ziguinchor",2006,244175,NA,29563,8.1
"507","Rual","Ziguinchor",2007,251094,NA,29565,8.3
"508","Rual","Ziguinchor",2008,258209,NA,29568,8.5
"509","Rual","Ziguinchor",2009,265523,NA,29571,8.7
"510","Rual","Ziguinchor",2010,273043,NA,29574,8.9
"511","Rual","Ziguinchor",2011,280774,NA,29577,9.1
"512","Rual","Ziguinchor",2012,288723,NA,29580,9.3
"513","Rual","Ziguinchor",2013,296895,NA,41341,7.2
"514","Rual","Ziguinchor",2014,303344,NA,42239,7.2
"515","Rual","Ziguinchor",2015,309853,NA,43145,7.2
"516","Rual","Ziguinchor",2016,317216,NA,44171,7.2
"517","Rual","Ziguinchor",2017,324250,NA,45150,7.2
"518","Rual","Ziguinchor",2018,332170,NA,46253,7.2
"519","Sénégal","SENEGAL",2000,9383445,45.4622104664009,1123339.83146481,NA
"520","Sénégal","SENEGAL",2001,9618031,44.3439128206044,1088950.85,NA
"521","Sénégal","SENEGAL",2002,9858482,40.7,1075858,NA
"522","Sénégal","SENEGAL",2003,10339594,41.37141504329,1113523.33330167,NA
"523","Sénégal","SENEGAL",2004,10619756,41.7428300865801,1152507.31398312,NA
"524","Sénégal","SENEGAL",2005,10907509,42.1142451298701,1192856.10733111,NA
"525","Sénégal","SENEGAL",2006,11203059,42.4856601731602,1234617.49485954,NA
"526","Sénégal","SENEGAL",2007,11506618,42.8570752164502,1277840.93089287,NA
"527","Sénégal","SENEGAL",2008,11818402,43.2284902597403,1322577.60113057,NA
"528","Sénégal","SENEGAL",2009,12138634,43.5999053030303,1368880.48326176,NA
"529","Sénégal","SENEGAL",2010,12467543,43.9713203463203,1416804.40970206,NA
"530","Sénégal","SENEGAL",2011,12805364,44.3427353896104,1466406.13252672,NA
"531","Sénégal","SENEGAL",2012,13152339,44.7141504329004,1517744.39067717,NA
"532","Sénégal","SENEGAL",2013,13508715,45.2,1607769,NA
"533","Sénégal","SENEGAL",2014,13926256,45.6958998886707,1658474.98927241,NA
"534","Sénégal","SENEGAL",2015,14356565,45.9610289787286,1710090.09765947,NA
"535","Sénégal","SENEGAL",2016,14799881,46.2155202464128,1763166.54824388,NA
"536","Sénégal","SENEGAL",2017,15256360,46.4709799716315,1817824.48699596,NA
"537","Sénégal","SENEGAL",2018,15726056,46.7031721113037,1873949.33338712,NA
"538","Sénégal","Dakar",2000,2056407,NA,297716,NA
"539","Sénégal","Dakar",2001,2111619,NA,299409,NA
"540","Sénégal","Dakar",2002,2168314,NA,293682,NA
"541","Sénégal","Dakar",2003,2254764,NA,306914,NA
"542","Sénégal","Dakar",2004,2330479,NA,320742,NA
"543","Sénégal","Dakar",2005,2408736,NA,335194,NA
"544","Sénégal","Dakar",2006,2489621,NA,350296,NA
"545","Sénégal","Dakar",2007,2573222,NA,366079,NA
"546","Sénégal","Dakar",2008,2659631,NA,382573,NA
"547","Sénégal","Dakar",2009,2748941,NA,399810,NA
"548","Sénégal","Dakar",2010,2841250,NA,417824,NA
"549","Sénégal","Dakar",2011,2936659,NA,436649,NA
"550","Sénégal","Dakar",2012,3035272,NA,456323,NA
"551","Sénégal","Dakar",2013,3137196,NA,496145,NA
"552","Sénégal","Dakar",2014,3233460,NA,511367,NA
"553","Sénégal","Dakar",2015,3330692,NA,526744,NA
"554","Sénégal","Dakar",2016,3429370,NA,542350,NA
"555","Sénégal","Dakar",2017,3529300,NA,558154,NA
"556","Sénégal","Dakar",2018,3630324,NA,574130,NA
"557","Sénégal","Diourbel",2000,976614,NA,102708,NA
"558","Sénégal","Diourbel",2001,1013578,NA,103334,NA
"559","Sénégal","Diourbel",2002,1051941,NA,102564,NA
"560","Sénégal","Diourbel",2003,1091754,NA,106611,NA
"561","Sénégal","Diourbel",2004,1126802,NA,110817,NA
"562","Sénégal","Diourbel",2005,1162975,NA,115189,NA
"563","Sénégal","Diourbel",2006,1200310,NA,119734,NA
"564","Sénégal","Diourbel",2007,1238843,NA,124458,NA
"565","Sénégal","Diourbel",2008,1278613,NA,129368,NA
"566","Sénégal","Diourbel",2009,1319660,NA,134472,NA
"567","Sénégal","Diourbel",2010,1362025,NA,139778,NA
"568","Sénégal","Diourbel",2011,1405750,NA,145293,NA
"569","Sénégal","Diourbel",2012,1450878,NA,151025,NA
"570","Sénégal","Diourbel",2013,1497460,NA,156538,NA
"571","Sénégal","Diourbel",2014,1543646,NA,161370,NA
"572","Sénégal","Diourbel",2015,1591590,NA,166382,NA
"573","Sénégal","Diourbel",2016,1641346,NA,171588,NA
"574","Sénégal","Diourbel",2017,1692962,NA,176984,NA
"575","Sénégal","Diourbel",2018,1746489,NA,182580,NA
"576","Sénégal","Fatick",2000,594466,NA,72737.7785587273,NA
"577","Sénégal","Fatick",2001,602079,NA,71008.3333333333,NA
"578","Sénégal","Fatick",2002,609789,NA,62887,NA
"579","Sénégal","Fatick",2003,619264,NA,63839.5092843115,NA
"580","Sénégal","Fatick",2004,628177,NA,64806.4456193124,NA
"581","Sénégal","Fatick",2005,637218,NA,65788.0275223389,NA
"582","Sénégal","Fatick",2006,646389,NA,66784.47682047,NA
"583","Sénégal","Fatick",2007,655692,NA,67796.018700658,NA
"584","Sénégal","Fatick",2008,665129,NA,68822.8817606185,NA
"585","Sénégal","Fatick",2009,674702,NA,69865.2980604908,NA
"586","Sénégal","Fatick",2010,684413,NA,70923.5031752809,NA
"587","Sénégal","Fatick",2011,694264,NA,71997.7362480997,NA
"588","Sénégal","Fatick",2012,704256,NA,73088.2400442059,NA
"589","Sénégal","Fatick",2013,714392,NA,72404,NA
"590","Sénégal","Fatick",2014,737487,NA,74876.8146881238,NA
"591","Sénégal","Fatick",2015,761710,NA,77368.9066766007,NA
"592","Sénégal","Fatick",2016,787038,NA,79975.3781525397,NA
"593","Sénégal","Fatick",2017,813543,NA,82703.6523599283,NA
"594","Sénégal","Fatick",2018,841294,NA,85560.9229212399,NA
"595","Sénégal","Kaffrine",2008,526729,NA,54458.064516129,NA
"596","Sénégal","Kaffrine",2009,534546,NA,55011.2146328182,NA
"597","Sénégal","Kaffrine",2010,542479,NA,55569.9832938739,NA
"598","Sénégal","Kaffrine",2011,550530,NA,56134.4275688686,NA
"599","Sénégal","Kaffrine",2012,558700,NA,56704.6051070513,NA
"600","Sénégal","Kaffrine",2013,566992,NA,54011,NA
"601","Sénégal","Kaffrine",2014,587946,NA,56083.6214769389,NA
"602","Sénégal","Kaffrine",2015,609638,NA,58182.9387753016,NA
"603","Sénégal","Kaffrine",2016,632024,NA,60350.6627100153,NA
"604","Sénégal","Kaffrine",2017,655120,NA,62588.4357611695,NA
"605","Sénégal","Kaffrine",2018,678955,NA,64899.1267999464,NA
"606","Sénégal","Kaolack",2000,1029076,NA,121946,NA
"607","Sénégal","Kaolack",2001,1049438,NA,112400,NA
"608","Sénégal","Kaolack",2002,1070203,NA,103751,NA
"609","Sénégal","Kaolack",2003,1091590,NA,103446,NA
"610","Sénégal","Kaolack",2004,1113404,NA,103142,NA
"611","Sénégal","Kaolack",2005,1135655,NA,102838,NA
"612","Sénégal","Kaolack",2006,1158350,NA,102536,NA
"613","Sénégal","Kaolack",2007,1181498,NA,102234,NA
"614","Sénégal","Kaolack",2008,755288,NA,101933,NA
"615","Sénégal","Kaolack",2009,792544,NA,101634,NA
"616","Sénégal","Kaolack",2010,831638,NA,101335,NA
"617","Sénégal","Kaolack",2011,872660,NA,101037,NA
"618","Sénégal","Kaolack",2012,915706,NA,100739,NA
"619","Sénégal","Kaolack",2013,960875,NA,95291,NA
"620","Sénégal","Kaolack",2014,990747,NA,98444,NA
"621","Sénégal","Kaolack",2015,1021656,NA,101638,NA
"622","Sénégal","Kaolack",2016,1053537,NA,104935,NA
"623","Sénégal","Kaolack",2017,1086464,NA,108345,NA
"624","Sénégal","Kaolack",2018,1120403,NA,111863,NA
"625","Sénégal","Kédougou",2008,122873,NA,34113,NA
"626","Sénégal","Kédougou",2009,128105,NA,35255.8926928794,NA
"627","Sénégal","Kédougou",2010,133560,NA,36437.0758822685,NA
"628","Sénégal","Kédougou",2011,139247,NA,37657.8324201203,NA
"629","Sénégal","Kédougou",2012,145176,NA,38919.488137959,NA
"630","Sénégal","Kédougou",2013,151357,NA,19048,NA
"631","Sénégal","Kédougou",2014,156352,NA,19721.0264029795,NA
"632","Sénégal","Kédougou",2015,161533,NA,20382.1525846478,NA
"633","Sénégal","Kédougou",2016,166907,NA,21072.0253186704,NA
"634","Sénégal","Kédougou",2017,172482,NA,21788.0694069851,NA
"635","Sénégal","Kédougou",2018,178270,NA,22527.6240322657,NA
"636","Sénégal","Kolda",2000,780991,NA,94817.6752202341,NA
"637","Sénégal","Kolda",2001,799007,NA,92140.8472222222,NA
"638","Sénégal","Kolda",2002,817438,NA,76866,NA
"639","Sénégal","Kolda",2003,836513.748425556,NA,75670.7498117291,NA
"640","Sénégal","Kolda",2004,856034.648872422,NA,74494.0855133518,NA
"641","Sénégal","Kolda",2005,876011.089416475,NA,76869.4708063316,NA
"642","Sénégal","Kolda",2006,896453.700549926,NA,76095.443174467,NA
"643","Sénégal","Kolda",2007,917373.36083835,NA,75323.8783775848,NA
"644","Sénégal","Kolda",2008,570987,NA,74554.9495945617,NA
"645","Sénégal","Kolda",2009,588210,NA,73788.8227354225,NA
"646","Sénégal","Kolda",2010,605952,NA,71700.9762150527,NA
"647","Sénégal","Kolda",2011,624230,NA,70930.5994978842,NA
"648","Sénégal","Kolda",2012,643059,NA,69827.6435433137,NA
"649","Sénégal","Kolda",2013,662455,NA,70932,NA
"650","Sénégal","Kolda",2014,682687,NA,73314.005264334,NA
"651","Sénégal","Kolda",2015,703774,NA,75703.0837059623,NA
"652","Sénégal","Kolda",2016,725689,NA,78163.1588338501,NA
"653","Sénégal","Kolda",2017,748451,NA,80747.2677652371,NA
"654","Sénégal","Kolda",2018,772073,NA,83432.3358809996,NA
"655","Sénégal","Louga",2000,647017,NA,64831.1970181372,NA
"656","Sénégal","Louga",2001,661968,NA,55926.8,NA
"657","Sénégal","Louga",2002,677264,NA,65154,NA
"658","Sénégal","Louga",2003,695002,NA,67267.6135366132,NA
"659","Sénégal","Louga",2004,711129,NA,69449.7932730324,NA
"660","Sénégal","Louga",2005,727630,NA,71702.7635154867,NA
"661","Sénégal","Louga",2006,744514,NA,74028.8207273066,NA
"662","Sénégal","Louga",2007,761789,NA,76430.3358697192,NA
"663","Sénégal","Louga",2008,779465,NA,78909.7568185809,NA
"664","Sénégal","Louga",2009,797551,NA,81469.6108595087,NA
"665","Sénégal","Louga",2010,816057,NA,84112.5072639546,NA
"666","Sénégal","Louga",2011,834993,NA,86841.1399488485,NA
"667","Sénégal","Louga",2012,854368,NA,89658.2902225202,NA
"668","Sénégal","Louga",2013,874193,NA,97381,NA
"669","Sénégal","Louga",2014,898731,NA,100147.252976036,NA
"670","Sénégal","Louga",2015,924051,NA,102985.532888059,NA
"671","Sénégal","Louga",2016,950101,NA,105906.099929676,NA
"672","Sénégal","Louga",2017,976885,NA,108903.520162025,NA
"673","Sénégal","Louga",2018,1004401,NA,111989.303728989,NA
"674","Sénégal","Matam",2002,423967,NA,42911,NA
"675","Sénégal","Matam",2003,436423,NA,46277.5305970535,NA
"676","Sénégal","Matam",2004,447643,NA,47884.9513609003,NA
"677","Sénégal","Matam",2005,459152,NA,49544.5606429485,NA
"678","Sénégal","Matam",2006,470957,NA,51257.9743410587,NA
"679","Sénégal","Matam",2007,483065,NA,53026.8518765764,NA
"680","Sénégal","Matam",2008,495484,NA,54852.9198513679,NA
"681","Sénégal","Matam",2009,508223,NA,56737.9765848069,NA
"682","Sénégal","Matam",2010,521289,NA,57626.0877644781,NA
"683","Sénégal","Matam",2011,534691,NA,59572.8136484177,NA
"684","Sénégal","Matam",2012,548438,NA,62649.8442137304,NA
"685","Sénégal","Matam",2013,562539,NA,53946,NA
"686","Sénégal","Matam",2014,584524,NA,56023.627791479,NA
"687","Sénégal","Matam",2015,607228,NA,58185.8041349259,NA
"688","Sénégal","Matam",2016,630703,NA,60418.7427614942,NA
"689","Sénégal","Matam",2017,654981,NA,62727.360675903,NA
"690","Sénégal","Matam",2018,680086,NA,65116.109200176,NA
"691","Sénégal","Saint-Louis",2000,689643,NA,88924,NA
"692","Sénégal","Saint-Louis",2001,692143,NA,88851,NA
"693","Sénégal","Saint-Louis",2002,694652,NA,80174,NA
"694","Sénégal","Saint-Louis",2003,713936,NA,82722,NA
"695","Sénégal","Saint-Louis",2004,731387,NA,85352,NA
"696","Sénégal","Saint-Louis",2005,749264,NA,88065,NA
"697","Sénégal","Saint-Louis",2006,767578,NA,90864,NA
"698","Sénégal","Saint-Louis",2007,786340,NA,93752,NA
"699","Sénégal","Saint-Louis",2008,805560,NA,96732,NA
"700","Sénégal","Saint-Louis",2009,825250,NA,99807,NA
"701","Sénégal","Saint-Louis",2010,845421,NA,102979,NA
"702","Sénégal","Saint-Louis",2011,866085,NA,106253,NA
"703","Sénégal","Saint-Louis",2012,887255,NA,109630,NA
"704","Sénégal","Saint-Louis",2013,908944,NA,110191,NA
"705","Sénégal","Saint-Louis",2014,932875,NA,113141,NA
"706","Sénégal","Saint-Louis",2015,957600,NA,116171,NA
"707","Sénégal","Saint-Louis",2016,983031,NA,119288,NA
"708","Sénégal","Saint-Louis",2017,1009168,NA,122492,NA
"709","Sénégal","Saint-Louis",2018,1036006,NA,125783,NA
"710","Sénégal","Sédhiou",2008,407248,NA,43701.1105079126,NA
"711","Sénégal","Sédhiou",2009,416012,NA,44334.9257184099,NA
"712","Sénégal","Sédhiou",2010,424964,NA,44780.224983117,NA
"713","Sénégal","Sédhiou",2011,434109,NA,45229.9968263146,NA
"714","Sénégal","Sédhiou",2012,443451,NA,45684.2861705076,NA
"715","Sénégal","Sédhiou",2013,452994,NA,40869,NA
"716","Sénégal","Sédhiou",2014,468098,NA,42295.9629936584,NA
"717","Sénégal","Sédhiou",2015,483768,NA,43737.5799912069,NA
"718","Sénégal","Sédhiou",2016,500064,NA,45232.1730993736,NA
"719","Sénégal","Sédhiou",2017,517016,NA,46793.0223625611,NA
"720","Sénégal","Sédhiou",2018,534654,NA,48417.7960328477,NA
"721","Sénégal","Tambacounda",2000,574297,NA,64651,NA
"722","Sénégal","Tambacounda",2001,593263,NA,57084,NA
"723","Sénégal","Tambacounda",2002,612855,NA,60427,NA
"724","Sénégal","Tambacounda",2003,633432,NA,61310,NA
"725","Sénégal","Tambacounda",2004,654700,NA,62207,NA
"726","Sénégal","Tambacounda",2005,676682,NA,63116,NA
"727","Sénégal","Tambacounda",2006,699401,NA,64039,NA
"728","Sénégal","Tambacounda",2007,722884,NA,64975,NA
"729","Sénégal","Tambacounda",2008,613740,NA,65925,NA
"730","Sénégal","Tambacounda",2009,626695,NA,66888,NA
"731","Sénégal","Tambacounda",2010,639924,NA,70969,NA
"732","Sénégal","Tambacounda",2011,653432,NA,72407,NA
"733","Sénégal","Tambacounda",2012,667225,NA,73466,NA
"734","Sénégal","Tambacounda",2013,681310,NA,70292,NA
"735","Sénégal","Tambacounda",2014,705396,NA,72911,NA
"736","Sénégal","Tambacounda",2015,730474,NA,75559,NA
"737","Sénégal","Tambacounda",2016,756590,NA,78345,NA
"738","Sénégal","Tambacounda",2017,783780,NA,81250,NA
"739","Sénégal","Tambacounda",2018,812079,NA,84275,NA
"740","Sénégal","Thiès",2000,1260565,NA,141604,NA
"741","Sénégal","Thiès",2001,1291200,NA,140506,NA
"742","Sénégal","Thiès",2002,1322579,NA,132754,NA
"743","Sénégal","Thiès",2003,1364433,NA,137571,NA
"744","Sénégal","Thiès",2004,1401893,NA,142562,NA
"745","Sénégal","Thiès",2005,1440381,NA,147735,NA
"746","Sénégal","Thiès",2006,1479926,NA,153095,NA
"747","Sénégal","Thiès",2007,1520556,NA,158650,NA
"748","Sénégal","Thiès",2008,1562302,NA,164406,NA
"749","Sénégal","Thiès",2009,1605194,NA,170371,NA
"750","Sénégal","Thiès",2010,1649263,NA,176553,NA
"751","Sénégal","Thiès",2011,1694542,NA,182959,NA
"752","Sénégal","Thiès",2012,1741064,NA,189597,NA
"753","Sénégal","Thiès",2013,1788864,NA,194766,NA
"754","Sénégal","Thiès",2014,1838366,NA,200505,NA
"755","Sénégal","Thiès",2015,1889321,NA,206350,NA
"756","Sénégal","Thiès",2016,1941549,NA,212301,NA
"757","Sénégal","Thiès",2017,1995037,NA,218454,NA
"758","Sénégal","Thiès",2018,2049764,NA,224707,NA
"759","Sénégal","Ziguinchor",2000,407871,NA,69980,NA
"760","Sénégal","Ziguinchor",2001,408675,NA,75030,NA
"761","Sénégal","Ziguinchor",2002,409480,NA,54688,NA
"762","Sénégal","Ziguinchor",2003,422025,NA,54693,NA
"763","Sénégal","Ziguinchor",2004,433285,NA,54699,NA
"764","Sénégal","Ziguinchor",2005,444845,NA,54704,NA
"765","Sénégal","Ziguinchor",2006,456714,NA,54709,NA
"766","Sénégal","Ziguinchor",2007,468899,NA,54715,NA
"767","Sénégal","Ziguinchor",2008,481410,NA,54720,NA
"768","Sénégal","Ziguinchor",2009,494254,NA,54725,NA
"769","Sénégal","Ziguinchor",2010,507441,NA,54731,NA
"770","Sénégal","Ziguinchor",2011,520980,NA,54736,NA
"771","Sénégal","Ziguinchor",2012,534880,NA,54741,NA
"772","Sénégal","Ziguinchor",2013,549151,NA,75957,NA
"773","Sénégal","Ziguinchor",2014,565940,NA,78274,NA
"774","Sénégal","Ziguinchor",2015,583527,NA,80700,NA
"775","Sénégal","Ziguinchor",2016,601929,NA,83241,NA
"776","Sénégal","Ziguinchor",2017,621168,NA,85895,NA
"777","Sénégal","Ziguinchor",2018,641254,NA,88667,NA
"778","Région","Dakar",2000,NA,97.1,NA,NA
"779","Région","Dakar",2001,NA,97.1,NA,NA
"780","Région","Dakar",2002,NA,97.2,NA,NA
"781","Région","Dakar",2003,NA,97.1,NA,NA
"782","Région","Dakar",2004,NA,97,NA,NA
"783","Région","Dakar",2005,NA,97,NA,NA
"784","Région","Dakar",2006,NA,96.9,NA,NA
"785","Région","Dakar",2007,NA,96.8,NA,NA
"786","Région","Dakar",2008,NA,96.7717702192522,NA,NA
"787","Région","Dakar",2009,NA,96.7104786897936,NA,NA
"788","Région","Dakar",2010,NA,96.6492212934448,NA,NA
"789","Région","Dakar",2011,NA,96.5879933625252,NA,NA
"790","Région","Dakar",2012,NA,96.5268022108068,NA,NA
"791","Région","Dakar",2013,NA,96.4656336422716,NA,NA
"792","Région","Dakar",2014,NA,96.3999863922857,NA,NA
"793","Région","Dakar",2015,NA,96.3999973579064,NA,NA
"794","Région","Dakar",2016,NA,96.40000933116,NA,NA
"795","Région","Dakar",2017,NA,96.4000226673845,NA,NA
"796","Région","Dakar",2018,NA,96.399963198877,NA,NA
"797","Région","Diourbel",2000,NA,16.6035915929938,NA,NA
"798","Région","Diourbel",2001,NA,16.2575549193057,NA,NA
"799","Région","Diourbel",2002,NA,15.9187635047973,NA,NA
"800","Région","Diourbel",2003,NA,15.9306034143223,NA,NA
"801","Région","Diourbel",2004,NA,15.939357580125,NA,NA
"802","Région","Diourbel",2005,NA,15.9481502181904,NA,NA
"803","Région","Diourbel",2006,NA,15.9569611183778,NA,NA
"804","Région","Diourbel",2007,NA,15.9657034830079,NA,NA
"805","Région","Diourbel",2008,NA,15.9744973655047,NA,NA
"806","Région","Diourbel",2009,NA,15.9832835730415,NA,NA
"807","Région","Diourbel",2010,NA,15.9920706301279,NA,NA
"808","Région","Diourbel",2011,NA,16.0008536368487,NA,NA
"809","Région","Diourbel",2012,NA,16.0096851699454,NA,NA
"810","Région","Diourbel",2013,NA,16.0185114076884,NA,NA
"811","Région","Diourbel",2014,NA,16.0999996113098,NA,NA
"812","Région","Diourbel",2015,NA,16.1000006283025,NA,NA
"813","Région","Diourbel",2016,NA,16.1999968318685,NA,NA
"814","Région","Diourbel",2017,NA,16.2000092146191,NA,NA
"815","Région","Diourbel",2018,NA,16.1999875178143,NA,NA
"816","Région","Fatick",2000,NA,12.3675702226873,NA,NA
"817","Région","Fatick",2001,NA,12.5227752504239,NA,NA
"818","Région","Fatick",2002,NA,12.6799597893698,NA,NA
"819","Région","Fatick",2003,NA,12.964583763952,NA,NA
"820","Région","Fatick",2004,NA,13.1953255213101,NA,NA
"821","Région","Fatick",2005,NA,13.4302546381301,NA,NA
"822","Région","Fatick",2006,NA,13.6693229618697,NA,NA
"823","Région","Fatick",2007,NA,13.9126297102908,NA,NA
"824","Région","Fatick",2008,NA,14.1602606411689,NA,NA
"825","Région","Fatick",2009,NA,14.4122886844859,NA,NA
"826","Région","Fatick",2010,NA,14.6687745557142,NA,NA
"827","Région","Fatick",2011,NA,14.9299113881751,NA,NA
"828","Région","Fatick",2012,NA,15.1956106870229,NA,NA
"829","Région","Fatick",2013,NA,15.466158635595,NA,NA
"830","Région","Fatick",2014,NA,16.2999483380724,NA,NA
"831","Région","Fatick",2015,NA,16.4999803074661,NA,NA
"832","Région","Fatick",2016,NA,16.7000830963689,NA,NA
"833","Région","Fatick",2017,NA,16.9000286401579,NA,NA
"834","Région","Fatick",2018,NA,17.099967431124,NA,NA
"835","Région","Kaffrine",2008,NA,12.0426253348496,NA,NA
"836","Région","Kaffrine",2009,NA,12.607708223427,NA,NA
"837","Région","Kaffrine",2010,NA,13.1994049539245,NA,NA
"838","Région","Kaffrine",2011,NA,13.8186838137794,NA,NA
"839","Région","Kaffrine",2012,NA,14.4671558976195,NA,NA
"840","Région","Kaffrine",2013,NA,15.1460690803398,NA,NA
"841","Région","Kaffrine",2014,NA,16.1999571389209,NA,NA
"842","Région","Kaffrine",2015,NA,16.6000150909228,NA,NA
"843","Région","Kaffrine",2016,NA,16.9999873422528,NA,NA
"844","Région","Kaffrine",2017,NA,17.4000183172549,NA,NA
"845","Région","Kaffrine",2018,NA,17.8000014728517,NA,NA
"846","Région","Kaolack",2000,NA,23.2887561268555,NA,NA
"847","Région","Kaolack",2001,NA,23.3131447498566,NA,NA
"848","Région","Kaolack",2002,NA,23.3375350284012,NA,NA
"849","Région","Kaolack",2003,NA,23.6118880632801,NA,NA
"850","Région","Kaolack",2004,NA,23.7907285559937,NA,NA
"851","Région","Kaolack",2005,NA,23.9709322763967,NA,NA
"852","Région","Kaolack",2006,NA,24.1524672117422,NA,NA
"853","Région","Kaolack",2007,NA,24.3353764972257,NA,NA
"854","Région","Kaolack",2008,NA,39.1226922710277,NA,NA
"855","Région","Kaolack",2009,NA,38.316736988735,NA,NA
"856","Région","Kaolack",2010,NA,37.5272654688699,NA,NA
"857","Région","Kaolack",2011,NA,36.7541768844682,NA,NA
"858","Région","Kaolack",2012,NA,35.9969247771665,NA,NA
"859","Région","Kaolack",2013,NA,35.2553662026799,NA,NA
"860","Région","Kaolack",2014,NA,35.8999825384281,NA,NA
"861","Région","Kaolack",2015,NA,36.2999874713211,NA,NA
"862","Région","Kaolack",2016,NA,36.6999925014499,NA,NA
"863","Région","Kaolack",2017,NA,37.0999867459943,NA,NA
"864","Région","Kaolack",2018,NA,37.5,NA,NA
"865","Région","Kédougou",2008,NA,16.9239784167392,NA,NA
"866","Région","Kédougou",2009,NA,18.267046563366,NA,NA
"867","Région","Kédougou",2010,NA,19.7169811320755,NA,NA
"868","Région","Kédougou",2011,NA,21.2816075032137,NA,NA
"869","Région","Kédougou",2012,NA,22.9707389651182,NA,NA
"870","Région","Kédougou",2013,NA,24.7943603533368,NA,NA
"871","Région","Kédougou",2014,NA,25.9996674171101,NA,NA
"872","Région","Kédougou",2015,NA,26.2002191502665,NA,NA
"873","Région","Kédougou",2016,NA,26.4997873067037,NA,NA
"874","Région","Kédougou",2017,NA,26.7998979603669,NA,NA
"875","Région","Kédougou",2018,NA,27.0000560946878,NA,NA
"876","Région","Kolda",2000,NA,12.9851688431749,NA,NA
"877","Région","Kolda",2001,NA,13.2167803285829,NA,NA
"878","Région","Kolda",2002,NA,13.4525187231325,NA,NA
"879","Région","Kolda",2003,NA,13.778135770862,NA,NA
"880","Région","Kolda",2004,NA,13.9945269923127,NA,NA
"881","Région","Kolda",2005,NA,14.2143177756967,NA,NA
"882","Région","Kolda",2006,NA,14.4375554387922,NA,NA
"883","Région","Kolda",2007,NA,14.6642583862542,NA,NA
"884","Région","Kolda",2008,NA,24.4886486032081,NA,NA
"885","Région","Kolda",2009,NA,24.7083524591557,NA,NA
"886","Région","Kolda",2010,NA,24.930027460921,NA,NA
"887","Région","Kolda",2011,NA,25.1537093699438,NA,NA
"888","Région","Kolda",2012,NA,25.3794752892036,NA,NA
"889","Région","Kolda",2013,NA,25.6073242710826,NA,NA
"890","Région","Kolda",2014,NA,26.4999919435993,NA,NA
"891","Région","Kolda",2015,NA,27.0000028418214,NA,NA
"892","Région","Kolda",2016,NA,27.4000294892165,NA,NA
"893","Région","Kolda",2017,NA,27.9000228471871,NA,NA
"894","Région","Kolda",2018,NA,28.3999051903123,NA,NA
"895","Région","Louga",2000,NA,17.8440442832259,NA,NA
"896","Région","Louga",2001,NA,18.1073707490392,NA,NA
"897","Région","Louga",2002,NA,18.3746663044249,NA,NA
"898","Région","Louga",2003,NA,18.7389388807514,NA,NA
"899","Région","Louga",2004,NA,19.0156778868532,NA,NA
"900","Région","Louga",2005,NA,19.2964831026758,NA,NA
"901","Région","Louga",2006,NA,19.5814988032461,NA,NA
"902","Région","Louga",2007,NA,19.8707253583341,NA,NA
"903","Région","Louga",2008,NA,20.1642151988864,NA,NA
"904","Région","Louga",2009,NA,20.4620143414026,NA,NA
"905","Région","Louga",2010,NA,20.7642358315657,NA,NA
"906","Région","Louga",2011,NA,21.070955085851,NA,NA
"907","Région","Louga",2012,NA,21.382121053223,NA,NA
"908","Région","Louga",2013,NA,21.6979545706726,NA,NA
"909","Région","Louga",2014,NA,22.299998553516,NA,NA
"910","Région","Louga",2015,NA,22.60005129587,NA,NA
"911","Région","Louga",2016,NA,22.8999864224961,NA,NA
"912","Région","Louga",2017,NA,23.0999554707054,NA,NA
"913","Région","Louga",2018,NA,23.4000165272635,NA,NA
"914","Région","Matam",2002,NA,13.7472963697646,NA,NA
"915","Région","Matam",2003,NA,14.5549157583354,NA,NA
"916","Région","Matam",2004,NA,15.1194143547425,NA,NA
"917","Région","Matam",2005,NA,15.7056922326376,NA,NA
"918","Région","Matam",2006,NA,16.3148652637077,NA,NA
"919","Région","Matam",2007,NA,16.9476157452931,NA,NA
"920","Région","Matam",2008,NA,17.6048066133316,NA,NA
"921","Région","Matam",2009,NA,18.2874446847152,NA,NA
"922","Région","Matam",2010,NA,18.9965642858376,NA,NA
"923","Région","Matam",2011,NA,19.7332665034571,NA,NA
"924","Région","Matam",2012,NA,20.4985796024346,NA,NA
"925","Région","Matam",2013,NA,21.2934569869822,NA,NA
"926","Région","Matam",2014,NA,22.9000006843175,NA,NA
"927","Région","Matam",2015,NA,23.6000316190953,NA,NA
"928","Région","Matam",2016,NA,24.4000742029133,NA,NA
"929","Région","Matam",2017,NA,25.1999676326489,NA,NA
"930","Région","Matam",2018,NA,25.8999597109777,NA,NA
"931","Région","Saint-Louis",2000,NA,35.1974862356321,NA,NA
"932","Région","Saint-Louis",2001,NA,35.959332103337,NA,NA
"933","Région","Saint-Louis",2002,NA,36.7376758434439,NA,NA
"934","Région","Saint-Louis",2003,NA,37.6822292194258,NA,NA
"935","Région","Saint-Louis",2004,NA,38.3851504060094,NA,NA
"936","Région","Saint-Louis",2005,NA,39.1011712827521,NA,NA
"937","Région","Saint-Louis",2006,NA,39.8304797688313,NA,NA
"938","Région","Saint-Louis",2007,NA,40.5734160795585,NA,NA
"939","Région","Saint-Louis",2008,NA,41.3302547296291,NA,NA
"940","Région","Saint-Louis",2009,NA,42.1011814601636,NA,NA
"941","Région","Saint-Louis",2010,NA,42.8865618431527,NA,NA
"942","Région","Saint-Louis",2011,NA,43.6865896534405,NA,NA
"943","Région","Saint-Louis",2012,NA,44.5014116573026,NA,NA
"944","Région","Saint-Louis",2013,NA,45.33149529893,NA,NA
"945","Région","Saint-Louis",2014,NA,46.2999866005628,NA,NA
"946","Région","Saint-Louis",2015,NA,46.8999582289056,NA,NA
"947","Région","Saint-Louis",2016,NA,47.5000279747027,NA,NA
"948","Région","Saint-Louis",2017,NA,48.1000190255735,NA,NA
"949","Région","Saint-Louis",2018,NA,48.7000075289139,NA,NA
"950","Région","Sédhiou",2008,NA,15.7022256708443,NA,NA
"951","Région","Sédhiou",2009,NA,16.3480861129006,NA,NA
"952","Région","Sédhiou",2010,NA,17.0205005600474,NA,NA
"953","Région","Sédhiou",2011,NA,17.7206646257046,NA,NA
"954","Région","Sédhiou",2012,NA,18.4496145008129,NA,NA
"955","Région","Sédhiou",2013,NA,19.2086429400831,NA,NA
"956","Région","Sédhiou",2014,NA,20.4999807732569,NA,NA
"957","Région","Sédhiou",2015,NA,20.9999421210167,NA,NA
"958","Région","Sédhiou",2016,NA,21.3998608178153,NA,NA
"959","Région","Sédhiou",2017,NA,21.8999025175236,NA,NA
"960","Région","Sédhiou",2018,NA,22.3999072297224,NA,NA
"961","Région","Tambacounda",2000,NA,16.7220096918493,NA,NA
"962","Région","Tambacounda",2001,NA,16.8026659339955,NA,NA
"963","Région","Tambacounda",2002,NA,16.8837653278508,NA,NA
"964","Région","Tambacounda",2003,NA,17.145489740816,NA,NA
"965","Région","Tambacounda",2004,NA,17.2593643395586,NA,NA
"966","Région","Tambacounda",2005,NA,17.3739046604628,NA,NA
"967","Région","Tambacounda",2006,NA,17.4892414135386,NA,NA
"968","Région","Tambacounda",2007,NA,17.6053110674135,NA,NA
"969","Région","Tambacounda",2008,NA,21.5746081402548,NA,NA
"970","Région","Tambacounda",2009,NA,21.9829422605893,NA,NA
"971","Région","Tambacounda",2010,NA,22.399066139104,NA,NA
"972","Région","Tambacounda",2011,NA,22.8230328481005,NA,NA
"973","Région","Tambacounda",2012,NA,23.2551238337892,NA,NA
"974","Région","Tambacounda",2013,NA,23.6953809572735,NA,NA
"975","Région","Tambacounda",2014,NA,24.2000238164095,NA,NA
"976","Région","Tambacounda",2015,NA,24.4000470927097,NA,NA
"977","Région","Tambacounda",2016,NA,24.7000356864352,NA,NA
"978","Région","Tambacounda",2017,NA,25,NA,NA
"979","Région","Tambacounda",2018,NA,25.3000016008295,NA,NA
"980","Région","Thiès",2000,NA,41.322660870324,NA,NA
"981","Région","Thiès",2001,NA,41.9848977695167,NA,NA
"982","Région","Thiès",2002,NA,42.6577920865219,NA,NA
"983","Région","Thiès",2003,NA,43.3492153883701,NA,NA
"984","Région","Thiès",2004,NA,43.8614073969982,NA,NA
"985","Région","Thiès",2005,NA,44.3796467740133,NA,NA
"986","Région","Thiès",2006,NA,44.9040019568546,NA,NA
"987","Région","Thiès",2007,NA,45.4345647250085,NA,NA
"988","Région","Thiès",2008,NA,45.9713934949837,NA,NA
"989","Région","Thiès",2009,NA,46.5145645946845,NA,NA
"990","Région","Thiès",2010,NA,47.0641735126538,NA,NA
"991","Région","Thiès",2011,NA,47.6203009426736,NA,NA
"992","Région","Thiès",2012,NA,48.1830076321146,NA,NA
"993","Région","Thiès",2013,NA,48.7522807770742,NA,NA
"994","Région","Thiès",2014,NA,49.4999907526575,NA,NA
"995","Région","Thiès",2015,NA,50.1000094743032,NA,NA
"996","Région","Thiès",2016,NA,50.600010610085,NA,NA
"997","Région","Thiès",2017,NA,51.2000028069655,NA,NA
"998","Région","Thiès",2018,NA,51.7000005854333,NA,NA
"999","Région","Ziguinchor",2000,NA,45.5,NA,NA
"1000","Région","Ziguinchor",2001,NA,46.2,NA,NA
"1001","Région","Ziguinchor",2002,NA,46.9,NA,NA
"1002","Région","Ziguinchor",2003,NA,46.8,NA,NA
"1003","Région","Ziguinchor",2004,NA,46.7,NA,NA
"1004","Région","Ziguinchor",2005,NA,46.6,NA,NA
"1005","Région","Ziguinchor",2006,NA,46.5,NA,NA
"1006","Région","Ziguinchor",2007,NA,46.5,NA,NA
"1007","Région","Ziguinchor",2008,NA,46.4,NA,NA
"1008","Région","Ziguinchor",2009,NA,46.3,NA,NA
"1009","Région","Ziguinchor",2010,NA,46.2,NA,NA
"1010","Région","Ziguinchor",2011,NA,46.1,NA,NA
"1011","Région","Ziguinchor",2012,NA,46,NA,NA
"1012","Région","Ziguinchor",2013,NA,45.9,NA,NA
"1013","Région","Ziguinchor",2014,NA,46.4,NA,NA
"1014","Région","Ziguinchor",2015,NA,46.9,NA,NA
"1015","Région","Ziguinchor",2016,NA,47.3,NA,NA
"1016","Région","Ziguinchor",2017,NA,47.8,NA,NA
"1017","Région","Ziguinchor",2018,NA,48.2,NA,NA
